{
    "vehicles": [
      {
        "id": "ABCD-01",
        "type": "Sedan",
        "brand": "Kia",
        "model": "cerato",
        "year": "2022",
        "color": "red",
        "assignmentDate": "01-01-2025",
        "status": "checklist",
        "actions": ["viewMore", "return"],
        "engine": "V6",
        "chassis": "ABC123456789"
      },
      {
        "id": "DRET-88",
        "type": "Sedan",
        "brand": "Nissan",
        "model": "v17",
        "year": "2000",
        "color": "blue",
        "assignmentDate": "05-03-2025",
        "status": "checklist",
        "actions": ["viewMore", "return"],
        "engine": "222L",
        "chassis": "34324"
      },
      {
        "id": "PKIO-54",
        "type": "Sedan",
        "brand": "Susuki",
        "model": "baleno",
        "year": "2019",
        "color": "red",
        "assignmentDate": "",
        "status": "approval",
        "actions": ["viewMore", "approve", "reject"],
        "engine": "V1",
        "chassis": "1234567890"
      },
      {
        "id": "PKIO-542",
        "type": "Sedan",
        "brand": "Susuki",
        "model": "baleno",
        "year": "2019",
        "color": "red",
        "assignmentDate": "",
        "status": "return",
        "actions": [""],
        "engine": "V3",
        "chassis": "1234567DFG"
      }
    ]
  }